{"payload":{"file_name":"Jupyter interactive"},"type":"file_name"}
{"payload":{"installed_packages":["alabaster==0.7.12","anaconda-client==1.11.0","anaconda-navigator==2.3.1","anaconda-project==0.11.1","anyio==3.5.0","appdirs==1.4.4","argon2-cffi-bindings==21.2.0","argon2-cffi==21.3.0","arrow==1.2.2","astroid==2.11.7","astropy==5.1","atomicwrites==1.4.0","attrs==21.4.0","automat==20.2.0","autopep8==1.6.0","babel==2.9.1","backcall==0.2.0","backports.functools-lru-cache==1.6.4","backports.tempfile==1.0","backports.weakref==1.0.post1","bcrypt==3.2.0","beautifulsoup4==4.11.1","binaryornot==0.4.4","bitarray==2.5.1","bkcharts==0.2","black==22.6.0","bleach==4.1.0","bokeh==2.4.3","boto3==1.24.28","botocore==1.27.28","bottleneck==1.3.5","brotlipy==0.7.0","certifi==2022.9.14","cffi==1.15.1","chardet==4.0.0","charset-normalizer==2.0.4","click==8.0.4","cloudpickle==2.0.0","clyent==1.2.2","colorama==0.4.5","colorcet==3.0.0","comet-ml==3.33.3","comtypes==1.1.10","conda-build==3.22.0","conda-content-trust==0.1.3","conda-pack==0.6.0","conda-package-handling==1.9.0","conda-repo-cli==1.0.20","conda-token==0.4.0","conda-verify==3.4.2","conda==22.9.0","configobj==5.0.8","constantly==15.1.0","cookiecutter==1.7.3","cryptography==37.0.1","cssselect==1.1.0","cycler==0.11.0","cython==0.29.32","cytoolz==0.11.0","daal4py==2021.6.0","dask==2022.7.0","datashader==0.14.1","datashape==0.5.4","debugpy==1.5.1","decorator==5.1.1","defusedxml==0.7.1","diff-match-patch==20200713","dill==0.3.4","distributed==2022.7.0","docutils==0.18.1","dulwich==0.21.5","entrypoints==0.4","et-xmlfile==1.1.0","everett==3.1.0","fastjsonschema==2.16.2","filelock==3.6.0","findspark==2.0.1","flake8==4.0.1","flask==1.1.2","fonttools==4.25.0","fsspec==2022.7.1","future==0.18.2","gensim==4.1.2","glob2==0.7","greenlet==1.1.1","h5py==3.7.0","heapdict==1.0.1","holoviews==1.15.0","hvplot==0.8.0","hyperlink==21.0.0","idna==3.3","imagecodecs==2021.8.26","imageio==2.19.3","imagesize==1.4.1","importlib-metadata==4.11.3","incremental==21.3.0","inflection==0.5.1","iniconfig==1.1.1","intake==0.6.5","intervaltree==3.1.0","ipykernel==6.15.2","ipython-genutils==0.2.0","ipython-sql==0.5.0","ipython==7.31.1","ipywidgets==7.6.5","isort==5.9.3","itemadapter==0.3.0","itemloaders==1.0.4","itsdangerous==2.0.1","jdcal==1.4.1","jedi==0.18.1","jellyfish==0.9.0","jinja2-time==0.2.0","jinja2==2.11.3","jmespath==0.10.0","joblib==1.1.0","json5==0.9.6","jsonschema==4.16.0","jupyter-client==7.3.4","jupyter-console==6.4.3","jupyter-core==4.11.1","jupyter-server==1.18.1","jupyter==1.0.0","jupyterlab-pygments==0.1.2","jupyterlab-server==2.10.3","jupyterlab-widgets==1.0.0","jupyterlab==3.4.4","keyring==23.4.0","kiwisolver==1.4.2","lazy-object-proxy==1.6.0","libarchive-c==2.9","llvmlite==0.38.0","locket==1.0.0","lxml==4.9.1","lz4==3.1.3","markdown-it-py==2.2.0","markdown==3.3.4","markupsafe==2.0.1","matplotlib-inline==0.1.6","matplotlib==3.5.2","mccabe==0.6.1","mdurl==0.1.2","menuinst==1.4.19","mistune==0.8.4","mkl-fft==1.3.1","mkl-random==1.2.2","mkl-service==2.4.0","mock==4.0.3","mpmath==1.2.1","msgpack==1.0.3","multipledispatch==0.6.0","munkres==1.1.4","mypy-extensions==0.4.3","navigator-updater==0.3.0","nbclassic==0.3.5","nbclient==0.5.13","nbconvert==6.4.4","nbformat==5.5.0","nest-asyncio==1.5.5","networkx==2.8.4","nltk==3.7","nose==1.3.7","notebook==6.4.12","numba==0.55.1","numexpr==2.8.3","numpy==1.21.5","numpydoc==1.4.0","olefile==0.46","openpyxl==3.0.10","packaging==21.3","pandas==1.4.4","pandocfilters==1.5.0","panel==0.13.1","param==1.12.0","paramiko==2.8.1","parsel==1.6.0","parso==0.8.3","partd==1.2.0","pathlib==1.0.1","pathspec==0.9.0","patsy==0.5.2","pep8==1.7.1","pexpect==4.8.0","pickleshare==0.7.5","pillow==9.2.0","pip==22.2.2","pkginfo==1.8.2","platformdirs==2.5.2","plotly==5.9.0","pluggy==1.0.0","poyo==0.5.0","prettytable==3.6.0","prometheus-client==0.14.1","prompt-toolkit==3.0.20","protego==0.1.16","psutil==5.9.0","ptyprocess==0.7.0","py==1.11.0","pyasn1-modules==0.2.8","pyasn1==0.4.8","pycodestyle==2.8.0","pycosat==0.6.3","pycparser==2.21","pyct==0.4.8","pycurl==7.45.1","pydispatcher==2.0.5","pydocstyle==6.1.1","pyerfa==2.0.0","pyflakes==2.4.0","pygments==2.15.1","pyhamcrest==2.0.2","pyjwt==2.4.0","pylint==2.14.5","pyls-spyder==0.4.0","pymysql==1.0.3","pynacl==1.5.0","pyodbc==4.0.34","pyopenssl==22.0.0","pyparsing==3.0.9","pyrsistent==0.18.0","pysocks==1.7.1","pytest==7.1.2","python-box==6.1.0","python-dateutil==2.8.2","python-lsp-black==1.0.0","python-lsp-jsonrpc==1.0.0","python-lsp-server==1.3.3","python-slugify==5.0.2","python-snappy==0.6.0","pytz==2022.1","pyviz-comms==2.0.2","pywavelets==1.3.0","pywin32-ctypes==0.2.0","pywin32==302","pywinpty==2.0.2","pyyaml==6.0","pyzmq==23.2.0","qdarkstyle==3.0.2","qstylizer==0.1.10","qtawesome==1.0.3","qtconsole==5.2.2","qtpy==2.2.0","queuelib==1.5.0","regex==2022.7.9","requests-file==1.5.1","requests-toolbelt==1.0.0","requests==2.28.1","rich==13.4.1","rope==0.22.0","rtree==0.9.7","ruamel-yaml-conda==0.15.100","s3transfer==0.6.0","scikit-image==0.19.2","scikit-learn-intelex==2021.20221004.171935","scikit-learn==1.0.2","scipy==1.9.1","scrapy==2.6.2","seaborn==0.11.2","semantic-version==2.10.0","send2trash==1.8.0","sentry-sdk==1.25.0","service-identity==18.1.0","setuptools==63.4.1","simplejson==3.19.1","sip==4.19.13","six==1.16.0","smart-open==5.2.1","sniffio==1.2.0","snowballstemmer==2.2.0","sortedcollections==2.1.0","sortedcontainers==2.4.0","soupsieve==2.3.1","sphinx==5.0.2","sphinxcontrib-applehelp==1.0.2","sphinxcontrib-devhelp==1.0.2","sphinxcontrib-htmlhelp==2.0.0","sphinxcontrib-jsmath==1.0.1","sphinxcontrib-qthelp==1.0.3","sphinxcontrib-serializinghtml==1.1.5","spyder-kernels==2.2.1","spyder==5.2.2","sql-magic==0.0.4","sqlalchemy==1.4.47","sqlparse==0.4.3","statsmodels==0.13.2","sympy==1.10.1","tables==3.6.1","tabulate==0.8.10","tbb==0.2","tblib==1.7.0","tenacity==8.0.1","terminado==0.13.1","testpath==0.6.0","text-unidecode==1.3","textdistance==4.2.1","threadpoolctl==2.2.0","three-merge==0.1.1","tifffile==2021.7.2","tinycss==0.4","tldextract==3.2.0","toml==0.10.2","tomli==2.0.1","tomlkit==0.11.1","toolz==0.11.2","tornado==6.1","tqdm==4.64.1","traitlets==5.1.1","twisted-iocpsupport==1.0.2","twisted==22.2.0","typing-extensions==4.3.0","ujson==5.4.0","unidecode==1.2.0","urllib3==1.26.11","w3lib==1.21.0","watchdog==2.1.6","wcwidth==0.2.5","webencodings==0.5.1","websocket-client==0.58.0","werkzeug==2.0.3","wheel==0.37.1","widgetsnbextension==3.5.2","win-inet-pton==1.1.0","win-unicode-console==0.5","wincertstore==0.2","wordcloud==1.9.2","wrapt==1.14.1","wurlitzer==3.0.3","xarray==0.20.1","xlrd==2.0.1","xlsxwriter==3.0.3","xlwings==0.27.15","yapf==0.31.0","zict==2.1.0","zipp==3.8.0","zope.interface==5.4.0"]},"type":"installed_packages"}
{"payload":{"command":["C:\\Users\\USER\\anaconda3\\lib\\site-packages\\ipykernel_launcher.py","-f","C:\\Users\\USER\\AppData\\Roaming\\jupyter\\runtime\\kernel-1236f22b-6f19-4003-88de-18b90efbf512.json"],"env":null,"hostname":"DESKTOP-SIAF1GR","ip":"192.168.43.110","machine":"AMD64","os":"Windows-10-10.0.19045-SP0","os_release":"10","os_type":"Windows","pid":3616,"processor":"Intel64 Family 6 Model 42 Stepping 7, GenuineIntel","python_exe":"C:\\Users\\USER\\anaconda3\\python.exe","python_version":"3.9.13","python_version_verbose":"3.9.13 (main, Aug 25 2022, 23:51:50) [MSC v.1916 64 bit (AMD64)]","user":"USER"},"type":"system_details"}
{"payload":{"local_timestamp":1687638974320,"param":{"paramName":"f","paramValue":"C:\\Users\\USER\\AppData\\Roaming\\jupyter\\runtime\\kernel-1236f22b-6f19-4003-88de-18b90efbf512.json","source":"cli","step":null}},"type":"parameter_msg"}
{"payload":{"git_metadata":{"branch":"refs/heads/main","origin":"https://github.com/Sorach-Roshe/south_lang.git","parent":"6f0b6f29b45ef2af54b4cea0223b93f0fea10513","repo_name":"south_lang","root":"dfda6282226703cdb5c9d6b889d6b3317f0b2e82","status":null,"user":"Sorach-Roshe"}},"type":"git_metadata"}
{"payload":{"local_timestamp":1687638974628,"metric":{"epoch":null,"metricName":"sys.cpu.percent.avg","metricValue":16.775,"step":null}},"type":"metric_msg"}
{"payload":{"local_timestamp":1687638974628,"metric":{"epoch":null,"metricName":"sys.compute.overall","metricValue":16.8,"step":null}},"type":"metric_msg"}
{"payload":{"local_timestamp":1687638974628,"metric":{"epoch":null,"metricName":"sys.compute.utilized","metricValue":20.0,"step":null}},"type":"metric_msg"}
{"payload":{"local_timestamp":1687638974628,"metric":{"epoch":null,"metricName":"sys.load.avg","metricValue":0.0,"step":null}},"type":"metric_msg"}
{"payload":{"local_timestamp":1687638974628,"metric":{"epoch":null,"metricName":"sys.ram.total","metricValue":5243817984,"step":null}},"type":"metric_msg"}
{"payload":{"local_timestamp":1687638974628,"metric":{"epoch":null,"metricName":"sys.ram.used","metricValue":4565475328,"step":null}},"type":"metric_msg"}
{"payload":{"local_timestamp":1687638974897,"output":"\u001b[1;38;5;39mCOMET INFO:\u001b[0m Experiment is live on comet.com https://www.comet.com/sorach-roshe/classification-hackathon/8fe904bd256d4c81bd7750a9ba00d418\n\n","stderr":true},"type":"standard_output"}
{"payload":{"additional_params":null,"clean":true,"file_path":"tmpnkx8dhzt..zip","local_timestamp":1687638975205,"metadata":{},"upload_type":"git-patch"},"type":"file_upload"}
{"payload":{"local_timestamp":1687638998356,"output":"<class 'pandas.core.frame.DataFrame'>\nRangeIndex: 33000 entries, 0 to 32999\nData columns (total 2 columns):\n #   Column   Non-Null Count  Dtype \n---  ------   --------------  ----- \n 0   lang_id  33000 non-null  object\n 1   text     33000 non-null  object\ndtypes: object(2)\nmemory usage: 515.8+ KB\n","stderr":false},"type":"standard_output"}
{"payload":{"local_timestamp":1687639001268,"output":"<class 'pandas.core.frame.DataFrame'>\nRangeIndex: 5682 entries, 0 to 5681\nData columns (total 2 columns):\n #   Column  Non-Null Count  Dtype \n---  ------  --------------  ----- \n 0   index   5682 non-null   int64 \n 1   text    5682 non-null   object\ndtypes: int64(1), object(1)\nmemory usage: 88.9+ KB\n","stderr":false},"type":"standard_output"}
{"payload":{"additional_params":{"assetId":"e7f2cacdb22d4b898c6d533b1b4e9a33","context":null,"epoch":null,"extension":"yml","fileName":"conda-environment.yml","overwrite":false,"runId":"GIzFCCNOjRDp5dy3WyLsRvrCC","step":null,"type":"conda-environment-definition"},"clean":true,"file_path":"tmp1lb26jzr","local_timestamp":1687639018410,"metadata":{},"upload_type":"conda-environment-definition"},"type":"file_upload"}
{"payload":{"additional_params":{"assetId":"85993c3db9b6458fac6a10c4dfd4b5c7","context":null,"epoch":null,"extension":"txt","fileName":"conda-spec.txt","overwrite":false,"runId":"GIzFCCNOjRDp5dy3WyLsRvrCC","step":null,"type":"conda-specification"},"clean":true,"file_path":"tmp7dowusyg","local_timestamp":1687639029673,"metadata":{},"upload_type":"conda-specification"},"type":"file_upload"}
{"payload":{"additional_params":{"assetId":"7cf98b522e0b4333aa802db69466e325","context":null,"epoch":null,"extension":"yml","fileName":"conda-info.yml","overwrite":false,"runId":"GIzFCCNOjRDp5dy3WyLsRvrCC","step":null,"type":"conda-info"},"clean":true,"file_path":"tmp27e9pe4r","local_timestamp":1687639032356,"metadata":{},"upload_type":"conda-info"},"type":"file_upload"}
{"payload":{"local_timestamp":1687639035462,"metric":{"epoch":null,"metricName":"sys.cpu.percent.avg","metricValue":23.499999999999996,"step":null}},"type":"metric_msg"}
{"payload":{"local_timestamp":1687639035463,"metric":{"epoch":null,"metricName":"sys.compute.overall","metricValue":23.5,"step":null}},"type":"metric_msg"}
{"payload":{"local_timestamp":1687639035463,"metric":{"epoch":null,"metricName":"sys.compute.utilized","metricValue":0.0,"step":null}},"type":"metric_msg"}
{"payload":{"local_timestamp":1687639035463,"metric":{"epoch":null,"metricName":"sys.load.avg","metricValue":0.0,"step":null}},"type":"metric_msg"}
{"payload":{"local_timestamp":1687639035463,"metric":{"epoch":null,"metricName":"sys.ram.total","metricValue":5243817984,"step":null}},"type":"metric_msg"}
{"payload":{"local_timestamp":1687639035463,"metric":{"epoch":null,"metricName":"sys.ram.used","metricValue":4598185984,"step":null}},"type":"metric_msg"}
{"payload":{"local_timestamp":1687639096123,"metric":{"epoch":null,"metricName":"sys.cpu.percent.avg","metricValue":7.925000000000001,"step":null}},"type":"metric_msg"}
{"payload":{"local_timestamp":1687639096123,"metric":{"epoch":null,"metricName":"sys.compute.overall","metricValue":7.9,"step":null}},"type":"metric_msg"}
{"payload":{"local_timestamp":1687639096123,"metric":{"epoch":null,"metricName":"sys.compute.utilized","metricValue":0.0,"step":null}},"type":"metric_msg"}
{"payload":{"local_timestamp":1687639096124,"metric":{"epoch":null,"metricName":"sys.load.avg","metricValue":0.03,"step":null}},"type":"metric_msg"}
{"payload":{"local_timestamp":1687639096124,"metric":{"epoch":null,"metricName":"sys.ram.total","metricValue":5243817984,"step":null}},"type":"metric_msg"}
{"payload":{"local_timestamp":1687639096124,"metric":{"epoch":null,"metricName":"sys.ram.used","metricValue":4559155200,"step":null}},"type":"metric_msg"}
{"payload":{"local_timestamp":1687639156791,"metric":{"epoch":null,"metricName":"sys.cpu.percent.avg","metricValue":7.875000000000001,"step":null}},"type":"metric_msg"}
{"payload":{"local_timestamp":1687639156791,"metric":{"epoch":null,"metricName":"sys.compute.overall","metricValue":7.9,"step":null}},"type":"metric_msg"}
{"payload":{"local_timestamp":1687639156791,"metric":{"epoch":null,"metricName":"sys.compute.utilized","metricValue":0.0,"step":null}},"type":"metric_msg"}
{"payload":{"local_timestamp":1687639156791,"metric":{"epoch":null,"metricName":"sys.load.avg","metricValue":0.07,"step":null}},"type":"metric_msg"}
{"payload":{"local_timestamp":1687639156791,"metric":{"epoch":null,"metricName":"sys.ram.total","metricValue":5243817984,"step":null}},"type":"metric_msg"}
{"payload":{"local_timestamp":1687639156792,"metric":{"epoch":null,"metricName":"sys.ram.used","metricValue":4633174016,"step":null}},"type":"metric_msg"}
{"payload":{"local_timestamp":1687639217635,"metric":{"epoch":null,"metricName":"sys.cpu.percent.avg","metricValue":12.524999999999999,"step":null}},"type":"metric_msg"}
{"payload":{"local_timestamp":1687639217635,"metric":{"epoch":null,"metricName":"sys.compute.overall","metricValue":12.5,"step":null}},"type":"metric_msg"}
{"payload":{"local_timestamp":1687639217635,"metric":{"epoch":null,"metricName":"sys.compute.utilized","metricValue":0.0,"step":null}},"type":"metric_msg"}
{"payload":{"local_timestamp":1687639217635,"metric":{"epoch":null,"metricName":"sys.load.avg","metricValue":0.02,"step":null}},"type":"metric_msg"}
{"payload":{"local_timestamp":1687639217636,"metric":{"epoch":null,"metricName":"sys.ram.total","metricValue":5243817984,"step":null}},"type":"metric_msg"}
{"payload":{"local_timestamp":1687639217636,"metric":{"epoch":null,"metricName":"sys.ram.used","metricValue":4520562688,"step":null}},"type":"metric_msg"}
{"payload":{"local_timestamp":1687639278275,"metric":{"epoch":null,"metricName":"sys.cpu.percent.avg","metricValue":5.550000000000001,"step":null}},"type":"metric_msg"}
{"payload":{"local_timestamp":1687639278275,"metric":{"epoch":null,"metricName":"sys.compute.overall","metricValue":5.6,"step":null}},"type":"metric_msg"}
{"payload":{"local_timestamp":1687639278275,"metric":{"epoch":null,"metricName":"sys.compute.utilized","metricValue":0.0,"step":null}},"type":"metric_msg"}
{"payload":{"local_timestamp":1687639278275,"metric":{"epoch":null,"metricName":"sys.load.avg","metricValue":0.01,"step":null}},"type":"metric_msg"}
{"payload":{"local_timestamp":1687639278275,"metric":{"epoch":null,"metricName":"sys.ram.total","metricValue":5243817984,"step":null}},"type":"metric_msg"}
{"payload":{"local_timestamp":1687639278276,"metric":{"epoch":null,"metricName":"sys.ram.used","metricValue":4493045760,"step":null}},"type":"metric_msg"}
{"payload":{"local_timestamp":1687639305161,"output":"\u001b[1;38;5;196mCOMET ERROR:\u001b[0m Heartbeat processing error\n","stderr":true},"type":"standard_output"}
{"payload":{"local_timestamp":1687639339047,"metric":{"epoch":null,"metricName":"sys.cpu.percent.avg","metricValue":20.150000000000002,"step":null}},"type":"metric_msg"}
{"payload":{"local_timestamp":1687639339047,"metric":{"epoch":null,"metricName":"sys.compute.overall","metricValue":20.2,"step":null}},"type":"metric_msg"}
{"payload":{"local_timestamp":1687639339047,"metric":{"epoch":null,"metricName":"sys.compute.utilized","metricValue":0.0,"step":null}},"type":"metric_msg"}
{"payload":{"local_timestamp":1687639339048,"metric":{"epoch":null,"metricName":"sys.load.avg","metricValue":0.08,"step":null}},"type":"metric_msg"}
{"payload":{"local_timestamp":1687639339048,"metric":{"epoch":null,"metricName":"sys.ram.total","metricValue":5243817984,"step":null}},"type":"metric_msg"}
{"payload":{"local_timestamp":1687639339048,"metric":{"epoch":null,"metricName":"sys.ram.used","metricValue":4609630208,"step":null}},"type":"metric_msg"}
{"payload":{"local_timestamp":1687639399839,"metric":{"epoch":null,"metricName":"sys.cpu.percent.avg","metricValue":22.175,"step":null}},"type":"metric_msg"}
{"payload":{"local_timestamp":1687639399839,"metric":{"epoch":null,"metricName":"sys.compute.overall","metricValue":22.2,"step":null}},"type":"metric_msg"}
{"payload":{"local_timestamp":1687639399839,"metric":{"epoch":null,"metricName":"sys.compute.utilized","metricValue":0.0,"step":null}},"type":"metric_msg"}
{"payload":{"local_timestamp":1687639399839,"metric":{"epoch":null,"metricName":"sys.load.avg","metricValue":0.66,"step":null}},"type":"metric_msg"}
{"payload":{"local_timestamp":1687639399839,"metric":{"epoch":null,"metricName":"sys.ram.total","metricValue":5243817984,"step":null}},"type":"metric_msg"}
{"payload":{"local_timestamp":1687639399840,"metric":{"epoch":null,"metricName":"sys.ram.used","metricValue":4710887424,"step":null}},"type":"metric_msg"}
{"payload":{"local_timestamp":1687639460756,"metric":{"epoch":null,"metricName":"sys.cpu.percent.avg","metricValue":38.3,"step":null}},"type":"metric_msg"}
{"payload":{"local_timestamp":1687639460756,"metric":{"epoch":null,"metricName":"sys.compute.overall","metricValue":38.3,"step":null}},"type":"metric_msg"}
{"payload":{"local_timestamp":1687639460756,"metric":{"epoch":null,"metricName":"sys.compute.utilized","metricValue":0.0,"step":null}},"type":"metric_msg"}
{"payload":{"local_timestamp":1687639460756,"metric":{"epoch":null,"metricName":"sys.load.avg","metricValue":2.99,"step":null}},"type":"metric_msg"}
{"payload":{"local_timestamp":1687639460756,"metric":{"epoch":null,"metricName":"sys.ram.total","metricValue":5243817984,"step":null}},"type":"metric_msg"}
{"payload":{"local_timestamp":1687639460756,"metric":{"epoch":null,"metricName":"sys.ram.used","metricValue":4715884544,"step":null}},"type":"metric_msg"}
{"payload":{"local_timestamp":1687639521553,"metric":{"epoch":null,"metricName":"sys.cpu.percent.avg","metricValue":14.299999999999999,"step":null}},"type":"metric_msg"}
{"payload":{"local_timestamp":1687639521553,"metric":{"epoch":null,"metricName":"sys.compute.overall","metricValue":14.3,"step":null}},"type":"metric_msg"}
{"payload":{"local_timestamp":1687639521553,"metric":{"epoch":null,"metricName":"sys.compute.utilized","metricValue":0.0,"step":null}},"type":"metric_msg"}
{"payload":{"local_timestamp":1687639521553,"metric":{"epoch":null,"metricName":"sys.load.avg","metricValue":1.39,"step":null}},"type":"metric_msg"}
{"payload":{"local_timestamp":1687639521553,"metric":{"epoch":null,"metricName":"sys.ram.total","metricValue":5243817984,"step":null}},"type":"metric_msg"}
{"payload":{"local_timestamp":1687639521553,"metric":{"epoch":null,"metricName":"sys.ram.used","metricValue":4730863616,"step":null}},"type":"metric_msg"}
{"payload":{"local_timestamp":1687639582346,"metric":{"epoch":null,"metricName":"sys.cpu.percent.avg","metricValue":15.175,"step":null}},"type":"metric_msg"}
{"payload":{"local_timestamp":1687639582346,"metric":{"epoch":null,"metricName":"sys.compute.overall","metricValue":15.2,"step":null}},"type":"metric_msg"}
{"payload":{"local_timestamp":1687639582346,"metric":{"epoch":null,"metricName":"sys.compute.utilized","metricValue":5.0,"step":null}},"type":"metric_msg"}
{"payload":{"local_timestamp":1687639582346,"metric":{"epoch":null,"metricName":"sys.load.avg","metricValue":0.51,"step":null}},"type":"metric_msg"}
{"payload":{"local_timestamp":1687639582347,"metric":{"epoch":null,"metricName":"sys.ram.total","metricValue":5243817984,"step":null}},"type":"metric_msg"}
{"payload":{"local_timestamp":1687639582347,"metric":{"epoch":null,"metricName":"sys.ram.used","metricValue":4692115456,"step":null}},"type":"metric_msg"}
{"payload":{"local_timestamp":1687639643118,"metric":{"epoch":null,"metricName":"sys.cpu.percent.avg","metricValue":10.774999999999999,"step":null}},"type":"metric_msg"}
{"payload":{"local_timestamp":1687639643118,"metric":{"epoch":null,"metricName":"sys.compute.overall","metricValue":10.8,"step":null}},"type":"metric_msg"}
{"payload":{"local_timestamp":1687639643118,"metric":{"epoch":null,"metricName":"sys.compute.utilized","metricValue":0.0,"step":null}},"type":"metric_msg"}
{"payload":{"local_timestamp":1687639643118,"metric":{"epoch":null,"metricName":"sys.load.avg","metricValue":0.19,"step":null}},"type":"metric_msg"}
{"payload":{"local_timestamp":1687639643118,"metric":{"epoch":null,"metricName":"sys.ram.total","metricValue":5243817984,"step":null}},"type":"metric_msg"}
{"payload":{"local_timestamp":1687639643118,"metric":{"epoch":null,"metricName":"sys.ram.used","metricValue":4697673728,"step":null}},"type":"metric_msg"}
{"payload":{"local_timestamp":1687639749402,"metric":{"epoch":null,"metricName":"sys.cpu.percent.avg","metricValue":13.325,"step":null}},"type":"metric_msg"}
{"payload":{"local_timestamp":1687639749402,"metric":{"epoch":null,"metricName":"sys.compute.overall","metricValue":13.3,"step":null}},"type":"metric_msg"}
{"payload":{"local_timestamp":1687639749402,"metric":{"epoch":null,"metricName":"sys.compute.utilized","metricValue":0.0,"step":null}},"type":"metric_msg"}
{"payload":{"local_timestamp":1687639749402,"metric":{"epoch":null,"metricName":"sys.load.avg","metricValue":0.38,"step":null}},"type":"metric_msg"}
{"payload":{"local_timestamp":1687639749402,"metric":{"epoch":null,"metricName":"sys.ram.total","metricValue":5243817984,"step":null}},"type":"metric_msg"}
{"payload":{"local_timestamp":1687639749402,"metric":{"epoch":null,"metricName":"sys.ram.used","metricValue":4829552640,"step":null}},"type":"metric_msg"}
{"payload":{"local_timestamp":1687639810245,"metric":{"epoch":null,"metricName":"sys.cpu.percent.avg","metricValue":14.549999999999999,"step":null}},"type":"metric_msg"}
{"payload":{"local_timestamp":1687639810245,"metric":{"epoch":null,"metricName":"sys.compute.overall","metricValue":14.5,"step":null}},"type":"metric_msg"}
{"payload":{"local_timestamp":1687639810245,"metric":{"epoch":null,"metricName":"sys.compute.utilized","metricValue":0.0,"step":null}},"type":"metric_msg"}
{"payload":{"local_timestamp":1687639810245,"metric":{"epoch":null,"metricName":"sys.load.avg","metricValue":0.54,"step":null}},"type":"metric_msg"}
{"payload":{"local_timestamp":1687639810245,"metric":{"epoch":null,"metricName":"sys.ram.total","metricValue":5243817984,"step":null}},"type":"metric_msg"}
{"payload":{"local_timestamp":1687639810245,"metric":{"epoch":null,"metricName":"sys.ram.used","metricValue":4417859584,"step":null}},"type":"metric_msg"}
{"payload":{"local_timestamp":1687639870914,"metric":{"epoch":null,"metricName":"sys.cpu.percent.avg","metricValue":7.6499999999999995,"step":null}},"type":"metric_msg"}
{"payload":{"local_timestamp":1687639870915,"metric":{"epoch":null,"metricName":"sys.compute.overall","metricValue":7.6,"step":null}},"type":"metric_msg"}
{"payload":{"local_timestamp":1687639870915,"metric":{"epoch":null,"metricName":"sys.compute.utilized","metricValue":0.0,"step":null}},"type":"metric_msg"}
{"payload":{"local_timestamp":1687639870915,"metric":{"epoch":null,"metricName":"sys.load.avg","metricValue":0.2,"step":null}},"type":"metric_msg"}
{"payload":{"local_timestamp":1687639870915,"metric":{"epoch":null,"metricName":"sys.ram.total","metricValue":5243817984,"step":null}},"type":"metric_msg"}
{"payload":{"local_timestamp":1687639870915,"metric":{"epoch":null,"metricName":"sys.ram.used","metricValue":4385161216,"step":null}},"type":"metric_msg"}
{"payload":{"additional_params":{"assetId":"51719842ac84495880c62e5c0d724eb5","context":null,"epoch":null,"fileName":"Jupyter interactive","overwrite":false,"runId":"GIzFCCNOjRDp5dy3WyLsRvrCC","step":null,"type":"source_code"},"clean":true,"file_path":"tmpz_s71qql","local_timestamp":1687639892076,"metadata":{"source_code_type":"experiment_creation"},"upload_type":"source_code"},"type":"file_upload"}
{"payload":{"additional_params":{"assetId":"f1d0512c2e4946a6986650158bd6d7dc","context":null,"epoch":null,"extension":"ipynb","fileName":"Code.ipynb","overwrite":true,"runId":"GIzFCCNOjRDp5dy3WyLsRvrCC","step":null,"type":"notebook"},"clean":true,"file_path":"tmp93mliqm9","local_timestamp":1687639892567,"metadata":{},"upload_type":"notebook"},"type":"file_upload"}
{"payload":{"local_timestamp":1687639892026,"output":"\u001b[1;38;5;39mCOMET INFO:\u001b[0m ---------------------------------------------------------------------------------------\n","stderr":true},"type":"standard_output"}
{"payload":{"local_timestamp":1687639892028,"output":"\u001b[1;38;5;39mCOMET INFO:\u001b[0m Comet.ml Experiment Summary\n","stderr":true},"type":"standard_output"}
{"payload":{"local_timestamp":1687639892030,"output":"\u001b[1;38;5;39mCOMET INFO:\u001b[0m ---------------------------------------------------------------------------------------\n","stderr":true},"type":"standard_output"}
{"payload":{"local_timestamp":1687639892031,"output":"\u001b[1;38;5;39mCOMET INFO:\u001b[0m   Data:\n","stderr":true},"type":"standard_output"}
{"payload":{"local_timestamp":1687639892033,"output":"\u001b[1;38;5;39mCOMET INFO:\u001b[0m     display_summary_level : 1\n","stderr":true},"type":"standard_output"}
{"payload":{"local_timestamp":1687639892034,"output":"\u001b[1;38;5;39mCOMET INFO:\u001b[0m     url                   : https://www.comet.com/sorach-roshe/classification-hackathon/8fe904bd256d4c81bd7750a9ba00d418\n","stderr":true},"type":"standard_output"}
{"payload":{"local_timestamp":1687639892036,"output":"\u001b[1;38;5;39mCOMET INFO:\u001b[0m   Uploads:\n","stderr":true},"type":"standard_output"}
{"payload":{"local_timestamp":1687639892037,"output":"\u001b[1;38;5;39mCOMET INFO:\u001b[0m     conda-environment-definition : 1\n","stderr":true},"type":"standard_output"}
{"payload":{"local_timestamp":1687639892038,"output":"\u001b[1;38;5;39mCOMET INFO:\u001b[0m     conda-info                   : 1\n","stderr":true},"type":"standard_output"}
{"payload":{"local_timestamp":1687639892040,"output":"\u001b[1;38;5;39mCOMET INFO:\u001b[0m     conda-specification          : 1\n","stderr":true},"type":"standard_output"}
{"payload":{"local_timestamp":1687639892041,"output":"\u001b[1;38;5;39mCOMET INFO:\u001b[0m     environment details          : 1\n","stderr":true},"type":"standard_output"}
{"payload":{"local_timestamp":1687639892042,"output":"\u001b[1;38;5;39mCOMET INFO:\u001b[0m     filename                     : 1\n","stderr":true},"type":"standard_output"}
{"payload":{"local_timestamp":1687639892044,"output":"\u001b[1;38;5;39mCOMET INFO:\u001b[0m     git metadata                 : 1\n","stderr":true},"type":"standard_output"}
{"payload":{"local_timestamp":1687639892120,"output":"\u001b[1;38;5;39mCOMET INFO:\u001b[0m     git-patch (uncompressed)     : 1 (142.87 KB)\n","stderr":true},"type":"standard_output"}
{"payload":{"local_timestamp":1687639892121,"output":"\u001b[1;38;5;39mCOMET INFO:\u001b[0m     installed packages           : 1\n","stderr":true},"type":"standard_output"}
{"payload":{"local_timestamp":1687639892122,"output":"\u001b[1;38;5;39mCOMET INFO:\u001b[0m     notebook                     : 1\n","stderr":true},"type":"standard_output"}
{"payload":{"local_timestamp":1687639892123,"output":"\u001b[1;38;5;39mCOMET INFO:\u001b[0m     source_code                  : 1\n","stderr":true},"type":"standard_output"}
{"payload":{"local_timestamp":1687639892124,"output":"\u001b[1;38;5;39mCOMET INFO:\u001b[0m \n","stderr":true},"type":"standard_output"}
{"payload":{"local_timestamp":1687639892128,"output":"\u001b[1;38;5;214mCOMET WARNING:\u001b[0m To get all data logged automatically, import comet_ml before the following modules: sklearn.\n","stderr":true},"type":"standard_output"}
{"payload":{"key":"sys.already_imported_modules","value":"[\"sklearn\"]"},"type":"log_other"}
